Site sequence number,Site name,Site code,Subject sequence number,Subject Id,Event sequence number,Event Id,Event name,Event date,Activity Id,Activity name,Form sequence number,Subject form sequence number,Origin Subject form sequence number,Source Subject form sequence number,Design version,Was the IMP returned?,Was the IMP returned? - Code,Reason not returned,Returned date,Number of capsules,Kitnumber,Kit number,Kit number,Was the IMP dispensed?,Was the IMP dispensed? - Code,Reason notdispensed,Dispensedate,Number ofcapsules,Kit number,Kit number,Missed doses,Missed doses - Code,Number of missed capsulessince previous visit,Trial medication taken with first meal,Trial medication taken with first meal - Code,Number of days IMP nottaken with the first meal of the day
SiteSeq,SiteName,SiteCode,SubjectSeq,SubjectId,EventSeq,EventId,EventName,EventDate,ActivityId,ActivityName,FormSeq,SubjectFormSeq,OriginSubjectFormSeq,SourceSubjectFormSeq,DesignVersion,RETAMT_DAPERF,RETAMT_DAPERFCD,RETAMT_DAREASND,RETAMT_DADAT,RETAMT_DAORRES,RETAMT_DAREFID1,RETAMT_DAREFID2,RETAMT_DAREFID3,DISAMT_DAPERF,DISAMT_DAPERFCD,DISAMT_DAREASND,DISAMT_DADAT,DISAMT_DAORRES,DISAMT_DAREFID1,DISAMT_DAREFID2,DAMSSYN,DAMSSYNCD,MSSAMT_DAORRES,DAFMLYN,DAFMLYNCD,DAFMLYN_DAORRES
1,KIEM site,KIEM,1,KIEM-01,1,V2,Visit 2,2023-08-04,V2_DA,,1,1,1,,1.1,,,,,,,,,Yes,Y,,2023-08-04,50,701,702,,,,,,
1,KIEM site,KIEM,1,KIEM-01,1,PC1,Phone Call,2023-08-07,PC1_DA,,1,2,2,,1.1,,,,,,,,,,,,,,,,No,N,,Yes,Y,
1,KIEM site,KIEM,1,KIEM-01,1,PC2,Phone Call,2023-08-10,PC2_DA,,1,3,3,,1.1,,,,,,,,,,,,,,,,Yes,Y,1,Yes,Y,
1,KIEM site,KIEM,1,KIEM-01,1,V3,Visit 3,2023-08-17,V3,,1,4,4,,1.1,Yes,Y,,2023-08-17,27,701,702,,Yes,Y,,2023-08-17,80,703,704,No,N,,Yes,Y,
1,KIEM site,KIEM,1,KIEM-01,1,V4,Visit 4,2023-08-31,V4,,1,5,5,,1.1,Yes,Y,,2023-08-31,22,703,704,,Yes,Y,,2023-08-31,50,705,706,No,N,,Yes,Y,
1,KIEM site,KIEM,1,KIEM-01,1,V5,Visit 5,2023-09-25,V5,,1,6,6,,1.1,Yes,Y,,2023-09-25,20,705,706,,,,,,,,,Yes,Y,4,Yes,Y,
1,KIEM site,KIEM,3,KIEM-03,1,V2,Visit 2,2023-11-27,V2_DA,,1,1,1,,1.1,,,,,,,,,Yes,Y,,2023-11-28,50,801,802,,,,,,
1,KIEM site,KIEM,3,KIEM-03,1,PC1,Phone Call,2023-11-29,PC1_DA,,1,2,2,,1.1,,,,,,,,,,,,,,,,No,N,,Yes,Y,
1,KIEM site,KIEM,3,KIEM-03,1,PC2,Phone Call,2023-12-04,PC2_DA,,1,3,3,,1.1,,,,,,,,,,,,,,,,No,N,,Yes,Y,
1,KIEM site,KIEM,3,KIEM-03,1,V3,Visit 3,2023-12-11,V3,,1,4,4,,1.1,No,N,Forgotten,,,,,,Yes,Y,,2023-12-11,50,803,804,No,N,,No,N,2
1,KIEM site,KIEM,3,KIEM-03,1,V4,Visit 4,2023-12-22,V4,,1,5,5,,1.1,Yes,Y,,2023-12-22,,801,802,803,Yes,Y,,2023-12-22,50,805,806,No,N,,Yes,Y,
1,KIEM site,KIEM,3,KIEM-03,1,V5,Visit 5,2024-01-22,V5,,1,6,6,,1.1,Yes,Y,,2024-01-22,18,806,,,,,,,,,,No,N,,Yes,Y,
