Site sequence number,Site name,Site code,Subject sequence number,Subject Id,Event sequence number,Event Id,Event name,Event date,Activity Id,Activity name,Form sequence number,Subject form sequence number,Origin Subject form sequence number,Source Subject form sequence number,Design version,Were vital signs collected?,Were vital signs collected? - Code,Date of measurements,Time of measurements,Reason notperformed,Height,Height (unit),Height (unit) - Code,Weight,Weight (unit),Weight (unit) - Code,Body mass index,Body Mass Index (unit),Body Mass Index (unit) - Code,Temperature,Height (unit),Height (unit) - Code,Pulserate,Pulse rate (unit),Pulse rate (unit) - Code,Position,Position - Code,Systolic BP,Diastolic BP,BP (unit),BP (unit) - Code,Position,Position - Code
SiteSeq,SiteName,SiteCode,SubjectSeq,SubjectId,EventSeq,EventId,EventName,EventDate,ActivityId,ActivityName,FormSeq,SubjectFormSeq,OriginSubjectFormSeq,SourceSubjectFormSeq,DesignVersion,VSPERF,VSPERFCD,VSDAT,VSTIM,VSREASND,ORRES_HEIGHT,ORRESU_HEIGHT,ORRESU_HEIGHTCD,ORRES_WEIGHT,ORRESU_WEIGHT,ORRESU_WEIGHTCD,ORRES_BMI,ORRESU_BMI,ORRESU_BMICD,ORRES_TEMP,ORRESU_TEMP,ORRESU_TEMPCD,ORRES_PLS,ORRESU_PLS,ORRESU_PLSCD,POS_PLS,POS_PLSCD,ORRES_SYSBP,ORRES_DIABP,ORRESU_BP,ORRESU_BPCD,POS_BP,POS_BPCD
1,KIEM site,KIEM,1,KIEM-01,1,V1,Visit 1,2023-08-01,V1_PART1,,1,1,1,,1.1,Yes,Y,2023-08-01,16:17,,185,cm,1,84.0,kg,1,24.5,kg/m2,1,36.7,C,1,68,beats/min,1,SUPINE,SUPINE,110,82,mmHg,1,SUPINE,SUPINE
1,KIEM site,KIEM,1,KIEM-01,1,V2,Visit 2,2023-08-04,V2,,1,2,2,,1.1,Yes,Y,2023-08-04,16:20,,,,,84.2,kg,1,,,,36.4,C,1,67,beats/min,1,SUPINE,SUPINE,112,85,mmHg,1,SUPINE,SUPINE
1,KIEM site,KIEM,1,KIEM-01,1,V3,Visit 3,2023-08-17,V3,,1,3,3,,1.1,No,N,,,Forgotten,,,,,,,,,,,,,,,,,,,,,,,
1,KIEM site,KIEM,1,KIEM-01,1,V4,Visit 4,2023-08-31,V4,,1,4,4,,1.1,Yes,Y,2023-08-31,16:30,,,,,83.7,kg,1,,,,36.1,C,1,70,beats/min,1,SUPINE,SUPINE,115,85,mmHg,1,SUPINE,SUPINE
1,KIEM site,KIEM,1,KIEM-01,1,V5,Visit 5,2023-09-25,V5,,1,5,5,,1.1,Yes,Y,2023-09-25,16:34,,,,,85.8,kg,1,,,,36.9,C,1,66,beats/min,1,SUPINE,SUPINE,110,81,mmHg,1,SUPINE,SUPINE
1,KIEM site,KIEM,2,KIEM-02,1,V1,Visit 1,2023-10-02,V1_PART1,,1,1,1,,1.1,Yes,Y,2023-10-02,10:04,,163,cm,1,52.5,kg,1,19.8,kg/m2,1,37.0,C,1,58,beats/min,1,SUPINE,SUPINE,131,81,mmHg,1,SUPINE,SUPINE
1,KIEM site,KIEM,3,KIEM-03,1,V1,Visit 1,2023-11-20,V1_PART1,,1,1,1,,1.1,Yes,Y,2023-11-20,11:07,,168,cm,1,80,kg,1,28.3,kg/m2,1,37.1,C,1,67,beats/min,1,SUPINE,SUPINE,140,95,mmHg,1,SUPINE,SUPINE
1,KIEM site,KIEM,3,KIEM-03,1,V2,Visit 2,2023-11-27,V2,,1,2,2,,1.1,No,N,,,Virtual visit,,,,,,,,,,,,,,,,,,,,,,,
1,KIEM site,KIEM,3,KIEM-03,1,V3,Visit 3,2023-12-11,V3,,1,3,3,,1.1,Yes,Y,2023-12-11,11:26,,,,,825,kg,1,,,,36.9,C,1,65,beats/min,1,SUPINE,SUPINE,125,95,mmHg,1,SUPINE,SUPINE
1,KIEM site,KIEM,3,KIEM-03,1,V4,Visit 4,2023-12-22,V4,,1,4,4,,1.1,Yes,Y,2023-12-22,11:32,,,,,81.6,kg,1,,,,36.8,C,1,66,beats/min,1,SUPINE,SUPINE,130,90,mmHg,1,SUPINE,SUPINE
1,KIEM site,KIEM,3,KIEM-03,1,V5,Visit 5,2024-01-22,V5,,1,5,5,,1.1,Yes,Y,2024-01-22,12:01,,,,,805,kg,1,,,,36.8,C,1,61,beats/min,1,SUPINE,SUPINE,125,90,mmHg,1,SUPINE,SUPINE
