Site sequence number,Site name,Site code,Subject sequence number,Subject Id,Event sequence number,Event Id,Event name,Event date,Activity Id,Activity name,Form sequence number,Subject form sequence number,Origin Subject form sequence number,Source Subject form sequence number,Design version,I/E Criterion Original Result,I/E Criterion Original Result - Code,Inclusion/Exclusion Not Met,Inclusion/Exclusion Not Met - Code,Inclusion Criterion Short Name 1,Inclusion Criterion Short Name 1 - Code,Inclusion Criterion Short Name 2,Inclusion Criterion Short Name 2 - Code,Inclusion Criterion Short Name 3,Inclusion Criterion Short Name 3 - Code,Inclusion Criterion Short Name 4,Inclusion Criterion Short Name 4 - Code,Inclusion Criterion Short Name 5,Inclusion Criterion Short Name 5 - Code,Exclusion Criterion Short Name 1,Exclusion Criterion Short Name 1 - Code,Exclusion Criterion Short Name 2,Exclusion Criterion Short Name 2 - Code,Exclusion Criterion Short Name 3,Exclusion Criterion Short Name 3 - Code,Exclusion Criterion Short Name 4,Exclusion Criterion Short Name 4 - Code,Exclusion Criterion Short Name 5,Exclusion Criterion Short Name 5 - Code,Exclusion Criterion Short Name 6,Exclusion Criterion Short Name 6 - Code,Exclusion Criterion Short Name 7,Exclusion Criterion Short Name 7 - Code,Exclusion Criterion Short Name 8,Exclusion Criterion Short Name 8 - Code,Exclusion Criterion Short Name 9,Exclusion Criterion Short Name 9 - Code,Exclusion Criterion Short Name 10,Exclusion Criterion Short Name 10 - Code
SiteSeq,SiteName,SiteCode,SubjectSeq,SubjectId,EventSeq,EventId,EventName,EventDate,ActivityId,ActivityName,FormSeq,SubjectFormSeq,OriginSubjectFormSeq,SourceSubjectFormSeq,DesignVersion,IEORRES,IEORRESCD,IECAT,IECATCD,IEINTESTCD1,IEINTESTCD1CD,IEINTESTCD2,IEINTESTCD2CD,IEINTESTCD3,IEINTESTCD3CD,IEINTESTCD4,IEINTESTCD4CD,IEINTESTCD5,IEINTESTCD5CD,IEEXTESTCD1,IEEXTESTCD1CD,IEEXTESTCD2,IEEXTESTCD2CD,IEEXTESTCD3,IEEXTESTCD3CD,IEEXTESTCD4,IEEXTESTCD4CD,IEEXTESTCD5,IEEXTESTCD5CD,IEEXTESTCD6,IEEXTESTCD6CD,IEEXTESTCD7,IEEXTESTCD7CD,IEEXTESTCD8,IEEXTESTCD8CD,IEEXTESTCD9,IEEXTESTCD9CD,IEEXTESTCD10,IEEXTESTCD10CD
1,KIEM site,KIEM,1,KIEM-01,1,V1,Visit 1,2023-08-01,V1_PART1,,1,2,2,,1.1,Yes,Y,,,,,,,,,,,,,,,,,,,,,,,,,,,,,,,,
1,KIEM site,KIEM,1,KIEM-01,1,V1,Visit 1,2023-08-01,V1_VSTAT,,1,1,1,,1.1,Yes,Y,,,,,,,,,,,,,,,,,,,,,,,,,,,,,,,,
1,KIEM site,KIEM,1,KIEM-01,1,V2,Visit 2,2023-08-04,V2,,1,3,3,,1.1,Yes,Y,,,,,,,,,,,,,,,,,,,,,,,,,,,,,,,,
1,KIEM site,KIEM,2,KIEM-02,1,V1,Visit 1,2023-10-02,V1_PART1,,1,2,2,,1.1,No,N,Exclusion,2,,,,,,,,,,,,,,,3,3,,,,,,,,,,,,,,
1,KIEM site,KIEM,2,KIEM-02,1,V1,Visit 1,2023-10-02,V1_VSTAT,,1,1,1,,1.1,Yes,Y,,,,,,,,,,,,,,,,,,,,,,,,,,,,,,,,
1,KIEM site,KIEM,3,KIEM-03,1,V1,Visit 1,2023-11-20,V1_PART1,,1,2,2,,1.1,Yes,Y,,,,,,,,,,,,,,,,,,,,,,,,,,,,,,,,
1,KIEM site,KIEM,3,KIEM-03,1,V1,Visit 1,2023-11-20,V1_VSTAT,,1,1,1,,1.1,Yes,Y,,,,,,,,,,,,,,,,,,,,,,,,,,,,,,,,
1,KIEM site,KIEM,3,KIEM-03,1,V2,Visit 2,2023-11-27,V2,,1,3,3,,1.1,Yes,Y,,,,,,,,,,,,,,,,,,,,,,,,,,,,,,,,
